job_id,workload_name,profile,submission_time,requested_number_of_resources,requested_time,success,final_state,starting_time,execution_time,finish_time,waiting_time,turnaround_time,stretch,allocated_resources,consumed_energy,metadata
1,w0,delay10,0.000000,1,100.000000,1,COMPLETED_SUCCESSFULLY,2281.000000,10.000000,2291.000000,2281.000000,2291.000000,229.100000,3,-1.000000,""
10,w0,delay10,0.000000,1,100.000000,1,COMPLETED_SUCCESSFULLY,2297.000000,10.000000,2307.000000,2297.000000,2307.000000,230.700000,12,-1.000000,""
11,w0,delay10,0.000000,1,100.000000,1,COMPLETED_SUCCESSFULLY,2427.001000,10.000000,2437.001000,2427.001000,2437.001000,243.700100,1,-1.000000,""
12,w0,delay10,0.000000,1,100.000000,1,COMPLETED_SUCCESSFULLY,2394.000000,10.000000,2404.000000,2394.000000,2404.000000,240.400000,8,-1.000000,""
13,w0,delay10,0.000000,1,100.000000,1,COMPLETED_SUCCESSFULLY,2532.000000,10.000000,2542.000000,2532.000000,2542.000000,254.200000,11,-1.000000,""
14,w0,delay10,0.000000,1,100.000000,1,COMPLETED_SUCCESSFULLY,2605.000000,10.000000,2615.000000,2605.000000,2615.000000,261.500000,8,-1.000000,""
15,w0,delay10,0.000000,1,100.000000,1,COMPLETED_SUCCESSFULLY,2628.000000,10.000000,2638.000000,2628.000000,2638.000000,263.800000,4,-1.000000,""
16,w0,delay10,0.000000,1,100.000000,1,COMPLETED_SUCCESSFULLY,2445.000000,10.000000,2455.000000,2445.000000,2455.000000,245.500000,13,-1.000000,""
17,w0,delay10,0.000000,1,100.000000,1,COMPLETED_SUCCESSFULLY,2684.000000,10.000000,2694.000000,2684.000000,2694.000000,269.400000,14,-1.000000,""
18,w0,delay10,0.000000,1,100.000000,1,COMPLETED_SUCCESSFULLY,2706.000000,10.000000,2716.000000,2706.000000,2716.000000,271.600000,0,-1.000000,""
19,w0,delay10,0.000000,1,100.000000,1,COMPLETED_SUCCESSFULLY,2766.001000,10.000000,2776.001000,2766.001000,2776.001000,277.600100,2,-1.000000,""
2,w0,delay10,0.000000,1,100.000000,1,COMPLETED_SUCCESSFULLY,2784.003000,10.000000,2794.003000,2784.003000,2794.003000,279.400300,14,-1.000000,""
20,w0,delay10,0.000000,1,100.000000,1,COMPLETED_SUCCESSFULLY,2797.000000,10.000000,2807.000000,2797.000000,2807.000000,280.700000,8,-1.000000,""
21,w0,delay10,0.000000,1,100.000000,1,COMPLETED_SUCCESSFULLY,2818.000000,10.000000,2828.000000,2818.000000,2828.000000,282.800000,6,-1.000000,""
22,w0,delay10,0.000000,1,100.000000,1,COMPLETED_SUCCESSFULLY,2855.000000,10.000000,2865.000000,2855.000000,2865.000000,286.500000,2,-1.000000,""
23,w0,delay10,0.000000,1,100.000000,1,COMPLETED_SUCCESSFULLY,2891.000000,10.000000,2901.000000,2891.000000,2901.000000,290.100000,0,-1.000000,""
24,w0,delay10,0.000000,1,100.000000,1,COMPLETED_SUCCESSFULLY,2929.000000,10.000000,2939.000000,2929.000000,2939.000000,293.900000,10,-1.000000,""
25,w0,delay10,0.000000,1,100.000000,1,COMPLETED_SUCCESSFULLY,2949.000000,10.000000,2959.000000,2949.000000,2959.000000,295.900000,4,-1.000000,""
26,w0,delay10,0.000000,1,100.000000,1,COMPLETED_SUCCESSFULLY,2966.000000,10.000000,2976.000000,2966.000000,2976.000000,297.600000,9,-1.000000,""
27,w0,delay10,0.000000,1,100.000000,1,COMPLETED_SUCCESSFULLY,3112.001000,10.000000,3122.001000,3112.001000,3122.001000,312.200100,4,-1.000000,""
28,w0,delay10,0.000000,1,100.000000,1,COMPLETED_SUCCESSFULLY,3067.001000,10.000000,3077.001000,3067.001000,3077.001000,307.700100,5,-1.000000,""
29,w0,delay10,0.000000,1,100.000000,1,COMPLETED_SUCCESSFULLY,3225.001000,10.000000,3235.001000,3225.001000,3235.001000,323.500100,5,-1.000000,""
3,w0,delay10,0.000000,1,100.000000,1,COMPLETED_SUCCESSFULLY,3245.001000,10.000000,3255.001000,3245.001000,3255.001000,325.500100,10,-1.000000,""
30,w0,delay10,0.000000,1,100.000000,1,COMPLETED_SUCCESSFULLY,3157.006000,10.000000,3167.006000,3157.006000,3167.006000,316.700600,0,-1.000000,""
4,w0,delay10,0.000000,1,100.000000,1,COMPLETED_SUCCESSFULLY,3301.001000,10.000000,3311.001000,3301.001000,3311.001000,331.100100,4,-1.000000,""
5,w0,delay10,0.000000,1,100.000000,1,COMPLETED_SUCCESSFULLY,3263.001000,10.000000,3273.001000,3263.001000,3273.001000,327.300100,8,-1.000000,""
6,w0,delay10,0.000000,1,100.000000,1,COMPLETED_SUCCESSFULLY,3320.002000,10.000000,3330.002000,3320.002000,3330.002000,333.000200,14,-1.000000,""
7,w0,delay10,0.000000,1,100.000000,1,COMPLETED_SUCCESSFULLY,3361.002000,10.000000,3371.002000,3361.002000,3371.002000,337.100200,5,-1.000000,""
8,w0,delay10,0.000000,1,100.000000,1,COMPLETED_SUCCESSFULLY,3372.003000,10.000000,3382.003000,3372.003000,3382.003000,338.200300,9,-1.000000,""
9,w0,delay10,0.000000,1,100.000000,1,COMPLETED_SUCCESSFULLY,3396.001000,10.000000,3406.001000,3396.001000,3406.001000,340.600100,10,-1.000000,""
